date_applied,source,work_setup,status,resume,cover_letter,tailored,next_follow_up,max_stage
2026-05-01,Jobstreet,Remote,No Response,Yes,No,No,,
2026-05-02,Jobstreet,Remote,No Response,Yes,No,No,,
2026-05-02,Direct / Careers,Remote,Rejected,Yes,No,No,,
2026-05-03,Direct / Pinpoint ATS,Remote,Rejected,Yes,No,No,,
2026-05-01,Direct / Freshteam,Remote,Rejected,Yes,Yes,No,,4
2026-05-20,LinkedIn,Onsite - Manila,No Response,Yes,No,No,,
2026-05-20,Direct / Workable,Remote,Rejected,Yes,No,No,,
2026-05-20,Platform,Remote,Rejected,Yes,No,No,,
2026-06-04,Direct Email,Onsite - Davao,Closed / Expired,Yes,Yes,No,,
2026-06-04,LinkedIn,Remote,Talent Pool,Yes,No,No,,
2026-06-04,LinkedIn,Remote,Rejected,Yes,No,No,,
2026-06-04,Direct Email,Hybrid,No Response,Yes,No,No,,
2026-07-28,Direct Email,Remote,Talent Pool,Yes,No,No,,
2026-07-30,CGI / Njoyn,Hybrid,In Review,Yes,No,No,,
2026-07-30,Jobstreet,Remote,Rejected,Yes,No,No,,2
2026-07-30,LinkedIn,Remote,Rejected,Yes,No,No,,
2026-07-31,Jobstreet,Remote,Applied,Yes,No,No,,
2026-07-31,Indeed,Remote,Applied,Yes,No,No,,
2026-08-01,LinkedIn,Remote,Viewed by Employer,Yes,No,No,,
2026-08-02,LinkedIn,Hybrid,Rejected,Yes,No,No,,
2026-08-02,LinkedIn,Remote,Applied,Yes,No,No,,
2026-08-02,Kalibrr,Remote,Rejected,Yes,No,No,,
2026-08-03,Indeed,Onsite,Applied,Yes,No,No,,
2026-08-04,Indeed,Remote,Applied,Yes,No,No,,
2026-08-04,LinkedIn,Remote,Rejected,Yes,No,No,,
2026-08-05,Direct Email,Remote,In Review,Yes,No,No,,
2026-08-07,Jobstreet,Remote,Viewed by Employer,Yes,No,No,,
2026-08-08,Lever,Remote,Applied,Yes,No,No,,
2026-08-10,Indeed,Remote,Rejected,Yes,No,No,,
2026-08-10,Jobstreet,Remote,Applied,Yes,No,No,,
2026-08-10,LinkedIn,Onsite - Davao,Applied,Yes,No,No,,
2026-08-10,LinkedIn / Direct,Remote,Materials Ready — VERIFY,Yes,Yes,Yes,,
2026-08-11,LinkedIn,Remote,Applied,Yes,No,No,,
2026-08-11,LinkedIn,Remote,Rejected,Yes,No,No,,
2026-08-13,Direct / Platform,Remote,In Review,Yes,No,No,,
2026-08-13,Platform,Remote,Assessment,Yes,No,No,2026-09-22,
2026-08-14,Jobstreet,Remote,Applied,Yes,No,No,,
2026-08-14,Jobstreet,Remote,Applied,Yes,No,No,,
2026-08-14,Jobstreet,Remote,Rejected,Yes,No,No,,
2026-08-15,Jobstreet,Remote - AU,Rejected,Yes,No,No,,
2026-08-15,Jobstreet,Remote - AU,Applied,Yes,No,No,,
2026-08-15,LinkedIn,Remote - US,Applied,Yes,No,No,,
2026-08-16,Platform,Remote,Assessment,No,No,No,2026-09-25,
2026-08-17,Direct / Careers,Onsite - Manila,In Review,Yes,No,No,,
2026-08-17,Jobstreet,Remote - AU,Closed / Expired,Yes,No,No,,
2026-08-17,Jobstreet,Remote,Closed / Expired,Yes,No,No,,
2026-08-17,LinkedIn,Remote,Materials Ready — VERIFY,Yes,Yes,No,,
2026-08-17,LinkedIn,Onsite - NCR,Applied,Yes,No,No,,
2026-08-18,LinkedIn,Onsite - Mandaluyong,Applied,Yes,No,No,,
2026-08-19,Jobstreet,Remote,Closed / Expired,Yes,No,No,,
2026-08-20,Direct / ATS,Remote,In Review,Yes,No,No,,
2026-08-23,Jobstreet,Remote,Applied,Yes,No,No,,
2026-08-23,Jobstreet,Remote,Applied,Yes,No,No,,
2026-08-24,Direct Email,Onsite - Region XII,No Response,Yes,Yes,No,,
2026-08-26,Direct / Pinpoint ATS,Remote,Assessment,Yes,No,No,,
2026-08-27,Direct / Avature ATS,Onsite - Singapore,Assessment,Yes,No,No,,
2026-08-27,LinkedIn,Remote,Applied,Yes,No,No,,
2026-08-28,Jobstreet,Hybrid,Applied,Yes,No,No,,
2026-08-28,Jobstreet,Remote,Rejected,Yes,No,No,,
2026-08-29,Jobstreet,Remote,Closed / Expired,Yes,No,No,,
2026-08-29,Jobstreet,Hybrid,Closed / Expired,Yes,No,No,,
2026-08-29,Jobstreet,Remote,Applied,Yes,No,No,,
2026-08-29,Direct / ATS,Remote,Rejected,Yes,No,No,,4
2026-08-29,LinkedIn,Remote,Applied,Yes,No,No,,
2026-08-30,Jobstreet,Onsite,Assessment,Yes,No,No,2026-09-22,
2026-08-30,LinkedIn,Remote - APAC,Applied,Yes,No,No,,
2026-08-31,Jobstreet,Remote - AU,Closed / Expired,Yes,No,No,,
2026-08-31,Lever,Remote,Applied,Yes,No,No,,
2026-08-31,Direct / Teamtailor,Remote,Assessment,Yes,No,No,2026-09-22,
2026-08-30,Direct / ATS,Remote,Assessment,Yes,No,No,,
2026-09-01,Jobstreet,Onsite - Imus,Talent Pool,Yes,No,No,,
2026-09-01,LinkedIn,Onsite,Rejected,Yes,No,No,,2
2026-09-02,Jobstreet,Remote,Applied,Yes,No,No,2026-09-22,
2026-09-02,Jobstreet,Remote,Viewed by Employer,Yes,No,No,2026-09-22,
2026-09-02,Jobstreet,Remote,Applied,Yes,No,No,,
2026-09-02,Jobstreet,Remote - AU,Applied,Yes,No,No,,
2026-09-02,Direct / AppSheet,Hybrid,In Review,Yes,No,No,,
2026-09-02,Direct / AppSheet,Hybrid,In Review,Yes,No,No,,
2026-09-02,Direct / AppSheet,Onsite - NCR,In Review,Yes,No,No,,
2026-09-02,Direct / AppSheet,Onsite - Davao,In Review,Yes,No,No,,
2026-09-04,Direct Email,Remote - US hours,Interviewed,Yes,No,No,2026-09-21,
2026-09-04,Jobstreet,Remote,Applied,Yes,No,No,,
2026-09-04,Jobstreet,Remote,Applied,Yes,No,No,,
2026-09-07,Jobstreet,Remote,Applied,Yes,No,No,,
2026-09-08,Direct / BambooHR,Remote,In Review,Yes,No,No,,
2026-09-09,Direct,Onsite - Koronadal,Assessment,No,No,No,2026-09-21,
2026-09-11,Jobstreet,Remote,Applied,Yes,Yes,Yes,,
2026-09-11,Direct / Recruiter,Remote,Materials Ready — VERIFY,Yes,No,Yes,2026-09-21,
2026-09-14,LinkedIn,Remote,Viewed by Employer,Yes,No,No,,
2026-09-15,Workable,Remote (London-Singapore band),Applied,Yes,No,Yes,,
2026-09-15,LinkedIn,Remote,Applied,Yes,No,No,,
2026-09-10,Torre.ai,Remote,Assessment,Yes,No,No,2026-09-21,
2026-09-17,Jobstreet,Hybrid,Applied,Yes,No,No,,
2026-09-17,Jobstreet,Remote,Applied,Yes,No,No,,
2026-09-17,Jobstreet,Remote - UK hours,Applied,Yes,No,No,,
2026-09-17,Kalibrr,Onsite,Rejected,Yes,No,No,,
2026-09-17,Direct / Recruiter,Remote,Materials Ready — VERIFY,Yes,Yes,Yes,2026-09-21,
